{"Master":1.0,"MuteMaster":false,"BGM":0.4714285731315613,"MuteBGM":false,"SkillUseSFX":0.4571428596973419,"MuteSkillUseSFX":false,"SkillHitSFX":0.3642857074737549,"MuteSkillHitSFX":false,"MobHitSFX":0.37857142090797427,"MuteMobHitSFX":false}